,station,line,latitude,longitude
0,borgsdorf,S1,52.71555555555556,13.27638888888889
1,botanischer garten,S1,52.44805555555556,13.307222222222222
2,feuerbachstr,S1,52.46361111111111,13.3325
3,friedenau,S1,52.47,13.340555555555556
4,frohnau,S1,52.6325,13.290277777777778
5,hermsdorf,S1,52.617777777777775,13.306944444444444
6,julius leber brücke,S1,52.486268888889,13.360211944444
7,lehnitz,S1,52.74111111111111,13.26361111111111
8,lichterfelde west,S1,52.44333333333333,13.29472222222222
9,mexikoplatz,S1,52.4375,13.2325
10,oranienburg,S1,52.75361111111111,13.24972222222222
11,schlachtensee,S1,52.44,13.215277777777777
12,sundgauer str,S1,52.436388888888885,13.273888888888887
13,zehlendorf,S1,52.43083333333333,13.258333333333333
14,anhalter bahnhof,S1,52.50305555555556,13.381944444444445
15,anhalter bahnhof,S2,52.50305555555556,13.381944444444445
16,anhalter bahnhof,S25,52.50305555555556,13.381944444444445
17,anhalter bahnhof,S26,52.50305555555556,13.381944444444445
18,humboldthain,S1,52.545,13.379444444444443
19,humboldthain,S2,52.545,13.379444444444443
20,humboldthain,S25,52.545,13.379444444444443
21,humboldthain,S26,52.545,13.379444444444443
22,nordbahnhof,S1,52.53194444444444,13.387777777777778
23,nordbahnhof,S2,52.53194444444444,13.387777777777778
24,nordbahnhof,S25,52.53194444444444,13.387777777777778
25,nordbahnhof,S26,52.53194444444444,13.387777777777778
26,oranienburger str,S1,52.525046,13.392924
27,oranienburger str,S2,52.525046,13.392924
28,oranienburger str,S25,52.525046,13.392924
29,oranienburger str,S26,52.525046,13.392924
30,bornholmer str,S1,52.55444444444444,13.398055555555556
31,bornholmer str,S2,52.55444444444444,13.398055555555556
32,bornholmer str,S25,52.55444444444444,13.398055555555556
33,bornholmer str,S26,52.55444444444444,13.398055555555556
34,bornholmer str,S8,52.55444444444444,13.398055555555556
35,bornholmer str,S85,52.55444444444444,13.398055555555556
36,schönholz,S1,52.57138888888889,13.381388888888887
37,schönholz,S25,52.57138888888889,13.381388888888887
38,schönholz,S26,52.57138888888889,13.381388888888887
39,wollankstr,S1,52.56527777777777,13.39222222222222
40,wollankstr,S25,52.56527777777777,13.39222222222222
41,wollankstr,S26,52.56527777777777,13.39222222222222
42,waidmannslust,S1,52.60638888888889,13.321111111111112
43,waidmannslust,S26,52.60638888888889,13.321111111111112
44,wilhelmsruh,S1,52.581388888888895,13.363055555555556
45,wilhelmsruh,S26,52.581388888888895,13.363055555555556
46,schöneberg,S1,52.47944444444445,13.351666666666668
47,schöneberg,S41,52.47944444444445,13.351666666666668
48,schöneberg,S42,52.47944444444445,13.351666666666668
49,schöneberg,S46,52.47944444444445,13.351666666666668
50,nikolassee,S1,52.431666666666665,13.193333333333332
51,nikolassee,S7,52.431666666666665,13.193333333333332
52,wannsee,S1,52.421388888888885,13.179166666666664
53,wannsee,S7,52.421388888888885,13.179166666666664
54,birkenwerder,S1,52.68861111111111,13.28888888888889
55,birkenwerder,S8,52.68861111111111,13.28888888888889
56,hohen neuendorf,S1,52.66833333333333,13.286944444444444
57,hohen neuendorf,S8,52.66833333333333,13.286944444444444
58,attilastr,S2,52.44777777777777,13.360833333333334
59,bernau,S2,52.67611111111111,13.593055555555557
60,bernau friedenstal,S2,52.66861111111111,13.564722222222224
61,blankenfelde,S2,52.33694444444445,13.416111111111112
62,buch,S2,52.63583333333333,13.491666666666664
63,buckower chaussee,S2,52.41027777777778,13.38277777777778
64,karow,S2,52.615,13.469166666666666
65,lichtenrade,S2,52.387146,13.396526
66,mahlow,S2,52.360230555556,13.408480555556
67,marienfelde,S2,52.424166666667,13.374722222222
68,röntgental,S2,52.64861111111111,13.513333333333334
69,schichauweg,S2,52.398547,13.389372
70,zepernick,S2,52.65972222222222,13.533888888888889
71,priesterweg,S2,52.4601,13.3563
72,priesterweg,S25,52.4601,13.3563
73,priesterweg,S26,52.4601,13.3563
74,südkreuz,S2,52.47555555555556,13.364444444444445
75,südkreuz,S25,52.47555555555556,13.364444444444445
76,südkreuz,S26,52.47555555555556,13.364444444444445
77,südkreuz,S41,52.47555555555556,13.364444444444445
78,südkreuz,S42,52.47555555555556,13.364444444444445
79,südkreuz,S45,52.47555555555556,13.364444444444445
80,südkreuz,S46,52.47555555555556,13.364444444444445
81,blankenburg,S2,52.59138888888889,13.443611111111112
82,blankenburg,S8,52.59138888888889,13.443611111111112
83,pankow heinersdorf,S2,52.57833333333333,13.42972222222222
84,pankow heinersdorf,S8,52.57833333333333,13.42972222222222
85,alt reinickendorf,S25,52.57777777777778,13.350555555555555
86,eichborndamm,S25,52.5775,13.316944444444443
87,heiligensee,S25,52.62472222222223,13.229166666666666
88,hennigsdorf,S25,52.63805555555555,13.205833333333333
89,lankwitz,S25,52.438611111111,13.341666666667
90,osdorfer str,S25,52.41925,13.314555555556
91,schulzendorf,S25,52.61277777777778,13.245833333333332
92,tegel,S25,52.58861111111111,13.289444444444444
93,teltow stadt,S25,52.396878,13.276392
94,lichterfelde ost,S25,52.43,13.328888888889
95,lichterfelde ost,S26,52.43,13.328888888889
96,lichterfelde süd,S25,52.41,13.308611111111
97,lichterfelde süd,S26,52.41,13.308611111111
98,südende,S25,52.448117,13.353646
99,südende,S26,52.448117,13.353646
100,betriebsbahnhof rummelsburg,S3,52.49388888888889,13.497777777777776
101,erkner,S3,52.42972222222222,13.751388888888888
102,friedrichshagen,S3,52.4575,13.623333333333331
103,hirschgarten,S3,52.45777777777778,13.603333333333332
104,karlshorst,S3,52.48083333333334,13.525833333333336
105,köpenick,S3,52.45861111111111,13.580833333333333
106,rahnsdorf,S3,52.45166666666667,13.689722222222224
107,rummelsburg,S3,52.50111111111111,13.47888888888889
108,wilhelmshagen,S3,52.43861111111111,13.722222222222223
109,wuhlheide,S3,52.46888888888889,13.553333333333336
110,westkreuz,S3,52.50111111111111,13.283888888888889
111,westkreuz,S41,52.50111111111111,13.283888888888889
112,westkreuz,S42,52.50111111111111,13.283888888888889
113,westkreuz,S46,52.50111111111111,13.283888888888889
114,westkreuz,S5,52.50111111111111,13.283888888888889
115,westkreuz,S7,52.50111111111111,13.283888888888889
116,westkreuz,S9,52.50111111111111,13.283888888888889
117,ostkreuz,S3,52.50305555555556,13.46888888888889
118,ostkreuz,S41,52.50305555555556,13.46888888888889
119,ostkreuz,S42,52.50305555555556,13.46888888888889
120,ostkreuz,S5,52.50305555555556,13.46888888888889
121,ostkreuz,S7,52.50305555555556,13.46888888888889
122,ostkreuz,S75,52.50305555555556,13.46888888888889
123,ostkreuz,S8,52.50305555555556,13.46888888888889
124,ostkreuz,S85,52.50305555555556,13.46888888888889
125,ostbahnhof,S3,52.51,13.434722222222222
126,ostbahnhof,S5,52.51,13.434722222222222
127,ostbahnhof,S7,52.51,13.434722222222222
128,ostbahnhof,S75,52.51,13.434722222222222
129,ostbahnhof,S9,52.51,13.434722222222222
130,bellevue,S3,52.52,13.34777777777778
131,bellevue,S5,52.52,13.34777777777778
132,bellevue,S7,52.52,13.34777777777778
133,bellevue,S9,52.52,13.34777777777778
134,charlottenburg,S3,52.50472222222222,13.303333333333336
135,charlottenburg,S5,52.50472222222222,13.303333333333336
136,charlottenburg,S7,52.50472222222222,13.303333333333336
137,charlottenburg,S9,52.50472222222222,13.303333333333336
138,hackescher markt,S3,52.5225,13.402222222222225
139,hackescher markt,S5,52.5225,13.402222222222225
140,hackescher markt,S7,52.5225,13.402222222222225
141,hackescher markt,S9,52.5225,13.402222222222225
142,savignyplatz,S3,52.505277777778,13.318888888889
143,savignyplatz,S5,52.505277777778,13.318888888889
144,savignyplatz,S7,52.505277777778,13.318888888889
145,savignyplatz,S9,52.505277777778,13.318888888889
146,tiergarten,S3,52.51444,13.33649
147,tiergarten,S5,52.51444,13.33649
148,tiergarten,S7,52.51444,13.33649
149,tiergarten,S9,52.51444,13.33649
150,heerstr,S3,52.50861111111111,13.258611111111112
151,heerstr,S9,52.50861111111111,13.258611111111112
152,messe süd,S3,52.49861111111111,13.270277777777778
153,messe süd,S9,52.49861111111111,13.270277777777778
154,olympiastadion,S3,52.51166666666666,13.2425
155,olympiastadion,S9,52.51166666666666,13.2425
156,pichelsberg,S3,52.51027777777778,13.227222222222222
157,pichelsberg,S9,52.51027777777778,13.227222222222222
158,spandau,S3,52.53472222222222,13.195833333333333
159,spandau,S9,52.53472222222222,13.195833333333333
160,stresow,S3,52.53194444444444,13.208888888888888
161,stresow,S9,52.53194444444444,13.208888888888888
162,beusselstr,S41,52.53444444444444,13.329444444444444
163,beusselstr,S42,52.53444444444444,13.329444444444444
164,sonnenallee,S41,52.47277777777778,13.455277777777775
165,sonnenallee,S42,52.47277777777778,13.455277777777775
166,halensee,S41,52.49611111111111,13.290555555555557
167,halensee,S42,52.49611111111111,13.290555555555557
168,halensee,S46,52.49611111111111,13.290555555555557
169,hohenzollerndamm,S41,52.48861111111111,13.300277777777778
170,hohenzollerndamm,S42,52.48861111111111,13.300277777777778
171,hohenzollerndamm,S46,52.48861111111111,13.300277777777778
172,messe nord/icc,S41,52.507777777777775,13.281666666666668
173,messe nord/icc,S42,52.507777777777775,13.281666666666668
174,messe nord/icc,S46,52.507777777777775,13.281666666666668
175,westend,S41,52.51805555555556,13.284444444444444
176,westend,S42,52.51805555555556,13.284444444444444
177,westend,S46,52.51805555555556,13.284444444444444
178,greifswalder str,S41,52.54,13.440555555555555
179,greifswalder str,S42,52.54,13.440555555555555
180,greifswalder str,S8,52.54,13.440555555555555
181,greifswalder str,S85,52.54,13.440555555555555
182,landsberger allee,S41,52.52944444444445,13.45472222222222
183,landsberger allee,S42,52.52944444444445,13.45472222222222
184,landsberger allee,S8,52.52944444444445,13.45472222222222
185,landsberger allee,S85,52.52944444444445,13.45472222222222
186,prenzlauer allee,S41,52.54472222222222,13.42611111111111
187,prenzlauer allee,S42,52.54472222222222,13.42611111111111
188,prenzlauer allee,S8,52.54472222222222,13.42611111111111
189,prenzlauer allee,S85,52.54472222222222,13.42611111111111
190,storkower str,S41,52.52388888888889,13.464444444444444
191,storkower str,S42,52.52388888888889,13.464444444444444
192,storkower str,S8,52.52388888888889,13.464444444444444
193,storkower str,S85,52.52388888888889,13.464444444444444
194,treptower park,S41,52.49388888888889,13.461388888888887
195,treptower park,S42,52.49388888888889,13.461388888888887
196,treptower park,S8,52.49388888888889,13.461388888888887
197,treptower park,S85,52.49388888888889,13.461388888888887
198,treptower park,S9,52.49388888888889,13.461388888888887
199,köllnische heide,S45,52.46944444444445,13.4675
200,köllnische heide,S46,52.46944444444445,13.4675
201,köllnische heide,S47,52.46944444444445,13.4675
202,baumschulenweg,S45,52.4675,13.489722222222222
203,baumschulenweg,S46,52.4675,13.489722222222222
204,baumschulenweg,S47,52.4675,13.489722222222222
205,baumschulenweg,S8,52.4675,13.489722222222222
206,baumschulenweg,S85,52.4675,13.489722222222222
207,baumschulenweg,S9,52.4675,13.489722222222222
208,schöneweide,S45,52.455000000000005,13.509444444444444
209,schöneweide,S46,52.455000000000005,13.509444444444444
210,schöneweide,S47,52.455000000000005,13.509444444444444
211,schöneweide,S8,52.455000000000005,13.509444444444444
212,schöneweide,S85,52.455000000000005,13.509444444444444
213,schöneweide,S9,52.455000000000005,13.509444444444444
214,adlershof,S45,52.43472222222222,13.54138888888889
215,adlershof,S46,52.43472222222222,13.54138888888889
216,adlershof,S8,52.43472222222222,13.54138888888889
217,adlershof,S85,52.43472222222222,13.54138888888889
218,adlershof,S9,52.43472222222222,13.54138888888889
219,johannisthal,S45,52.446666666666665,13.523888888888887
220,johannisthal,S46,52.446666666666665,13.523888888888887
221,johannisthal,S8,52.446666666666665,13.523888888888887
222,johannisthal,S85,52.446666666666665,13.523888888888887
223,johannisthal,S9,52.446666666666665,13.523888888888887
224,altglienicke,S45,52.407222222222224,13.55888888888889
225,altglienicke,S9,52.407222222222224,13.55888888888889
226,flughafen ber – terminal 1 2,S45,52.36666666666667,13.503333333333334
227,flughafen ber – terminal 1 2,S9,52.36666666666667,13.503333333333334
228,flughafen ber – terminal 5,S45,52.39138888888889,13.512777777777778
229,flughafen ber – terminal 5,S9,52.39138888888889,13.512777777777778
230,grünbergallee,S45,52.399166666666666,13.541666666666666
231,grünbergallee,S9,52.399166666666666,13.541666666666666
232,wassmannsdorf,S45,52.36805555555556,13.463333333333331
233,wassmannsdorf,S9,52.36805555555556,13.463333333333331
234,königs wusterhausen,S46,52.29666666666667,13.631111111111112
235,wildau,S46,52.32,13.633888888888889
236,zeuthen,S46,52.34861111111111,13.6275
237,eichwalde,S46,52.37138888888889,13.615277777777775
238,eichwalde,S8,52.37138888888889,13.615277777777775
239,grünau,S46,52.4125,13.573888888888888
240,grünau,S8,52.4125,13.573888888888888
241,grünau,S85,52.4125,13.573888888888888
242,oberspree,S47,52.4525,13.538333333333334
243,spindlersfeld,S47,52.447222222222216,13.561388888888889
244,biesdorf,S5,52.51305555555555,13.555277777777778
245,birkenstein,S5,52.51583333333333,13.6475
246,fredersdorf,S5,52.52638888888889,13.7625
247,hegermühle,S5,52.54888888888889,13.866666666666667
248,hoppegarten,S5,52.51833333333333,13.673333333333332
249,kaulsdorf,S5,52.51222222222222,13.59027777777778
250,mahlsdorf,S5,52.511944444444445,13.61
251,neuenhagen,S5,52.520833333333336,13.700277777777776
252,petershagen nord,S5,52.52916666666667,13.79111111111111
253,strausberg,S5,52.53194444444444,13.836944444444445
254,strausberg nord,S5,52.59027777777778,13.908333333333331
255,strausberg stadt,S5,52.57666666666667,13.887777777777778
256,friedrichsfelde ost,S5,52.51416666666667,13.519722222222224
257,friedrichsfelde ost,S7,52.51416666666667,13.519722222222224
258,friedrichsfelde ost,S75,52.51416666666667,13.519722222222224
259,nöldnerplatz,S5,52.50388888888889,13.485277777777776
260,nöldnerplatz,S7,52.50388888888889,13.485277777777776
261,nöldnerplatz,S75,52.50388888888889,13.485277777777776
262,ahrensfelde,S7,52.57166666666667,13.565
263,babelsberg,S7,52.39138888888889,13.092222222222222
264,griebnitzsee,S7,52.394444444444446,13.127222222222224
265,grunewald,S7,52.48916666666667,13.261388888888888
266,marzahn,S7,52.54361111111111,13.54111111111111
267,mehrower allee,S7,52.5575,13.553611111111111
268,poelchaustr,S7,52.535555555555554,13.535555555555556
269,potsdam hauptbahnhof,S7,52.391666666666666,13.066666666666666
270,raoul wallenberg str,S7,52.55083333333333,13.5475
271,springpfuhl,S7,52.52722222222222,13.536388888888888
272,springpfuhl,S75,52.52722222222222,13.536388888888888
273,gehrenseestr,S75,52.556666666666665,13.524444444444445
274,hohenschönhausen,S75,52.56638888888889,13.512222222222222
275,wartenberg,S75,52.57305555555556,13.50388888888889
276,bergfelde,S8,52.67027777777778,13.320277777777775
277,mühlenbeck mönchmühle,S8,52.65472222222222,13.386666666666668
278,schönfliess,S8,52.664722222222224,13.34027777777778
279,plänterwald,S8,52.47861111111112,13.473333333333333
280,plänterwald,S85,52.47861111111112,13.473333333333333
281,plänterwald,S9,52.47861111111112,13.473333333333333
282,görlitzer bahnhof,U1,52.49916666666667,13.428055555555554
283,kurfürstenstr,U1,52.5,13.361944444444443
284,osthafen,U1,52.50222222222222,13.446388888888889
285,prinzenstr,U1,52.498333333333335,13.405833333333334
286,schlesisches tor,U1,52.50083333333333,13.441666666666666
287,uhlandstr,U1,52.5025,13.325555555555557
288,wittenbergplatz,U1,52.50194444444445,13.343055555555557
289,warschauer str,U1,52.50569444444445,13.44972222222222
290,warschauer str,S3,52.50569444444445,13.44972222222222
291,warschauer str,S5,52.50569444444445,13.44972222222222
292,warschauer str,S7,52.50569444444445,13.44972222222222
293,warschauer str,S75,52.50569444444445,13.44972222222222
294,warschauer str,S9,52.50569444444445,13.44972222222222
295,nollendorfplatz,U1,52.49944444444444,13.35361111111111
297,nollendorfplatz,U2,52.49944444444444,13.35361111111111
298,gleisdreieck,U1,52.498333333333335,13.37527777777778
299,gleisdreieck,U2,52.498333333333335,13.37527777777778
300,hallesches tor,U1,52.49777777777778,13.39111111111111
301,hallesches tor,U6,52.49777777777778,13.39111111111111
302,möckernbrücke,U1,52.49916666666667,13.383055555555556
303,möckernbrücke,U7,52.49916666666667,13.383055555555556
304,kottbusser tor,U1,52.49916666666667,13.418055555555554
305,kottbusser tor,U8,52.49916666666667,13.418055555555554
306,kurfürstendamm,U1,52.50416666666667,13.333055555555555
307,kurfürstendamm,U9,52.50416666666667,13.333055555555555
308,bülowstr,U2,52.4975,13.363333333333332
309,deutsche oper,U2,52.511944444444445,13.310555555555556
310,eberswalder str,U2,52.54166666666666,13.412222222222224
311,ernst reuter platz,U2,52.511944444444445,13.322222222222225
312,hausvogteiplatz,U2,52.51305555555555,13.396666666666668
313,kaiserdamm,U2,52.51,13.282222222222224
314,klosterstr,U2,52.51611111111111,13.412222222222224
315,mendelssohn bartholdy park,U2,52.50388888888889,13.375
316,mohrenstr,U2,52.51166666666666,13.38472222222222
317,märkisches museum,U2,52.511944444444445,13.408888888888889
318,neu westend,U2,52.51555555555556,13.261111111111113
319,olympia stadion,U2,52.51722222222222,13.25
320,rosa luxemburg platz,U2,52.52833333333333,13.41027777777778
321,ruhleben,U2,52.52555555555556,13.241388888888888
322,senefelderplatz,U2,52.5325,13.4125
323,sophie charlotte platz,U2,52.51083333333333,13.296666666666669
324,spittelmarkt,U2,52.51111111111111,13.403611111111111
325,theodor heuss platz,U2,52.50972222222222,13.273055555555556
326,vinetastr,U2,52.55916666666666,13.413333333333334
327,potsdamer platz,U2,52.50944444444445,13.375833333333334
328,potsdamer platz,S1,52.50944444444445,13.375833333333334
329,potsdamer platz,S2,52.50944444444445,13.375833333333334
330,potsdamer platz,S25,52.50944444444445,13.375833333333334
331,potsdamer platz,S26,52.50944444444445,13.375833333333334
332,pankow,U2,52.56666666666667,13.411111111111111
333,pankow,S2,52.56666666666667,13.411111111111111
334,pankow,S8,52.56666666666667,13.411111111111111
335,pankow,S85,52.56666666666667,13.411111111111111
336,schönhauser allee,U2,52.549166666666665,13.416111111111112
337,schönhauser allee,S41,52.549166666666665,13.416111111111112
338,schönhauser allee,S42,52.549166666666665,13.416111111111112
339,schönhauser allee,S8,52.549166666666665,13.416111111111112
340,schönhauser allee,S85,52.549166666666665,13.416111111111112
341,alex,U2,52.521388888888886,13.412638888888887
342,alex,U5,52.521388888888886,13.412638888888887
343,alex,U8,52.521388888888886,13.412638888888887
344,alex,S3,52.521388888888886,13.412638888888887
345,alex,S5,52.521388888888886,13.412638888888887
346,alex,S7,52.521388888888886,13.412638888888887
347,alex,S9,52.521388888888886,13.412638888888887
348,stadtmitte,U2,52.51222222222222,13.389444444444443
349,stadtmitte,U6,52.51222222222222,13.389444444444443
350,bismarckstr,U2,52.51138888888889,13.304722222222225
351,bismarckstr,U7,52.51138888888889,13.304722222222225
352,zoo,U2,52.50722222222223,13.3325
353,zoo,U9,52.50722222222223,13.3325
354,zoo,S3,52.50722222222223,13.3325
355,zoo,S5,52.50722222222223,13.3325
356,zoo,S7,52.50722222222223,13.3325
357,zoo,S9,52.50722222222223,13.3325
358,augsburger str,U3,52.50055555555556,13.336388888888887
359,breitenbachplatz,U3,52.46694444444445,13.308611111111112
360,dahlem dorf,U3,52.4575,13.289722222222222
361,freie universität,U3,52.45111111111111,13.281944444444443
362,hohenzollernplatz,U3,52.494166666666665,13.324722222222222
363,krumme lanke,U3,52.44333333333333,13.241388888888888
364,nürnberger platz,U3,52.498333333333335,13.334166666666668
365,onkel toms hütte,U3,52.45027777777778,13.253333333333334
366,oskar helene heim,U3,52.45027777777778,13.269722222222224
367,podbielskiallee,U3,52.46416666666667,13.295833333333333
368,rüdesheimer platz,U3,52.473333333333336,13.314444444444446
369,heidelberger platz,U3,52.48,13.311944444444444
370,heidelberger platz,S41,52.48,13.311944444444444
371,heidelberger platz,S42,52.48,13.311944444444444
372,heidelberger platz,S46,52.48,13.311944444444444
373,fehrbelliner platz,U3,52.49027777777778,13.314166666666669
374,fehrbelliner platz,U7,52.49027777777778,13.314166666666669
375,spichernstr,U3,52.49666666666667,13.331111111111111
376,spichernstr,U9,52.49666666666667,13.331111111111111
377,rathaus schöneberg,U4,52.48305555555556,13.341944444444444
378,viktoria luise platz,U4,52.49611111111111,13.342777777777778
379,innsbrucker platz,U4,52.47861111111112,13.34388888888889
380,innsbrucker platz,S41,52.47861111111112,13.34388888888889
381,innsbrucker platz,S42,52.47861111111112,13.34388888888889
382,innsbrucker platz,S46,52.47861111111112,13.34388888888889
383,bayerischer platz,U4,52.48861111111111,13.34
384,bayerischer platz,U7,52.48861111111111,13.34
385,biesdorf süd,U5,52.49972222222223,13.546388888888888
386,bundestag,U5,52.52,13.373055555555556
387,cottbusser platz,U5,52.53388888888889,13.596388888888889
388,elsterwerdaer platz,U5,52.505,13.560555555555556
389,frankfurter tor,U5,52.51583333333333,13.454166666666666
390,friedrichsfelde,U5,52.50611111111111,13.512777777777778
391,hellersdorf,U5,52.53666666666666,13.606388888888889
392,hönow,U5,52.53833333333333,13.633888888888889
393,kaulsdorf nord,U5,52.52111111111111,13.58888888888889
394,kienberg,U5,52.52861111111111,13.590555555555556
395,louis lewin str,U5,52.53888888888888,13.618333333333334
396,magdalenenstr,U5,52.5125,13.486388888888888
397,museumsinsel,U5,52.5175,13.398333333333332
398,rotes rathaus,U5,52.51861111111111,13.408333333333331
399,samariterstr,U5,52.51472222222223,13.464444444444444
400,schillingstr,U5,52.52027777777778,13.421666666666669
401,strausberger platz,U5,52.51805555555556,13.430833333333332
402,tierpark,U5,52.49638888888889,13.523333333333332
403,weberwiese,U5,52.516666666666666,13.445
404,brandenburger tor,U5,52.51638888888889,13.380833333333332
405,brandenburger tor,S1,52.51638888888889,13.380833333333332
406,brandenburger tor,S2,52.51638888888889,13.380833333333332
407,brandenburger tor,S25,52.51638888888889,13.380833333333332
408,brandenburger tor,S26,52.51638888888889,13.380833333333332
409,hauptbahnhof,U5,52.525,13.369444444444444
410,hauptbahnhof,S3,52.525,13.369444444444444
411,hauptbahnhof,S5,52.525,13.369444444444444
412,hauptbahnhof,S7,52.525,13.369444444444444
413,hauptbahnhof,S9,52.525,13.369444444444444
414,frankfurter allee,U5,52.515,13.474444444444444
415,frankfurter allee,S41,52.515,13.474444444444444
416,frankfurter allee,S42,52.515,13.474444444444444
417,frankfurter allee,S8,52.515,13.474444444444444
418,frankfurter allee,S85,52.515,13.474444444444444
419,wuhletal,U5,52.5125,13.575
420,wuhletal,S5,52.5125,13.575
421,lichtenberg,U5,52.51055555555556,13.496388888888887
422,lichtenberg,S5,52.51055555555556,13.496388888888887
423,lichtenberg,S7,52.51055555555556,13.496388888888887
424,lichtenberg,S75,52.51055555555556,13.496388888888887
425,unter den linden,U5,52.51694444444444,13.38888888888889
426,unter den linden,U6,52.51694444444444,13.38888888888889
427,afrikanische str,U6,52.56055555555555,13.334166666666668
428,alt mariendorf,U6,52.439722222222215,13.3875
429,alt tegel,U6,52.589444444444446,13.28361111111111
430,alt tempelhof,U6,52.46611111111111,13.385555555555555
431,borsigwerke,U6,52.581944444444446,13.290833333333332
432,französische str,U6,52.51472222222223,13.389166666666666
433,holzhauser str,U6,52.575833333333335,13.296111111111111
434,kaiserin augusta str,U6,52.46,13.38472222222222
435,kochstr,U6,52.505833333333335,13.390555555555554
436,kurt schumacher platz,U6,52.56333333333333,13.3275
437,mehringdamm,U6,52.49444444444445,13.38861111111111
438,naturkundemuseum,U6,52.53111111111111,13.3825
439,oranienburger tor,U6,52.525,13.3875
440,otisstr,U6,52.57111111111112,13.30277777777778
441,paradestr,U6,52.47805555555556,13.386111111111113
442,platz der luftbrücke,U6,52.48555555555556,13.385833333333332
443,rehberge,U6,52.556666666666665,13.341111111111111
444,reinickendorfer str,U6,52.54,13.370277777777778
445,scharnweberstr,U6,52.566944444444445,13.31277777777778
446,schwartzkopffstr,U6,52.53527777777778,13.377222222222224
447,seestr,U6,52.55,13.352777777777778
448,ullsteinstr,U6,52.45388888888889,13.384444444444444
449,westphalweg,U6,52.44638888888888,13.385555555555555
450,friedrichstr,U6,52.52027777777778,13.386944444444444
451,friedrichstr,S1,52.52027777777778,13.386944444444444
452,friedrichstr,S2,52.52027777777778,13.386944444444444
453,friedrichstr,S25,52.52027777777778,13.386944444444444
454,friedrichstr,S26,52.52027777777778,13.386944444444444
455,friedrichstr,S3,52.52027777777778,13.386944444444444
456,friedrichstr,S5,52.52027777777778,13.386944444444444
457,friedrichstr,S7,52.52027777777778,13.386944444444444
458,friedrichstr,S9,52.52027777777778,13.386944444444444
459,wedding,U6,52.5425,13.366111111111111
460,wedding,S41,52.5425,13.366111111111111
461,wedding,S42,52.5425,13.366111111111111
462,tempelhof,U6,52.47083333333334,13.385277777777777
463,tempelhof,S41,52.47083333333334,13.385277777777777
464,tempelhof,S42,52.47083333333334,13.385277777777777
465,tempelhof,S45,52.47083333333334,13.385277777777777
466,tempelhof,S46,52.47083333333334,13.385277777777777
467,leopoldplatz,U6,52.546388888888885,13.359166666666669
468,leopoldplatz,U9,52.546388888888885,13.359166666666669
469,adenauerplatz,U7,52.49972222222223,13.307222222222222
470,altstadt spandau,U7,52.53916666666667,13.205555555555556
471,blaschkoallee,U7,52.45166666666667,13.449722222222222
472,blissestr,U7,52.486666666666665,13.321944444444444
473,britz süd,U7,52.437777777777775,13.448333333333334
474,eisenacher str,U7,52.489444444444445,13.350277777777777
475,gneisenaustr,U7,52.49138888888889,13.39611111111111
476,grenzallee,U7,52.46333333333334,13.443888888888887
477,halemweg,U7,52.53666666666666,13.286388888888888
478,haselhorst,U7,52.53888888888888,13.23277777777778
479,jakob kaiser platz,U7,52.53666666666666,13.293333333333331
480,johannisthaler chaussee,U7,52.42944444444444,13.453055555555554
481,karl marx str,U7,52.47611111111112,13.439166666666669
482,kleistpark,U7,52.49055555555556,13.360277777777778
483,konstanzer str,U7,52.49361111111112,13.31
484,lipschitzallee,U7,52.42472222222222,13.462777777777776
485,mierendorffplatz,U7,52.52666666666666,13.305
486,parchimer allee,U7,52.44472222222222,13.449722222222222
487,paulsternstr,U7,52.53805555555555,13.247777777777776
488,rathaus neukölln,U7,52.48194444444445,13.433055555555557
489,rathaus spandau,U7,52.53527777777778,13.199722222222222
490,richard wagner platz,U7,52.51583333333333,13.3075
491,rohrdamm,U7,52.53722222222222,13.2625
492,rudow,U7,52.41611111111111,13.495277777777776
493,siemensdamm,U7,52.53666666666666,13.275555555555556
494,südstern,U7,52.489444444444445,13.407777777777778
495,wilmersdorfer str,U7,52.50666666666667,13.306666666666668
496,wutzkyallee,U7,52.42333333333333,13.474722222222224
497,zitadelle,U7,52.53777777777778,13.217777777777778
498,zwickauer damm,U7,52.42333333333333,13.483888888888888
499,yorckstr,U7,52.49250000000001,13.370277777777778
500,yorckstr,S2,52.49250000000001,13.370277777777778
501,yorckstr,S25,52.49250000000001,13.370277777777778
502,yorckstr,S26,52.49250000000001,13.370277777777778
503,yorckstr,S1,52.49250000000001,13.370277777777778
504,neukölln,U7,52.46944444444445,13.442222222222222
505,neukölln,S41,52.46944444444445,13.442222222222222
506,neukölln,S42,52.46944444444445,13.442222222222222
507,neukölln,S45,52.46944444444445,13.442222222222222
508,neukölln,S46,52.46944444444445,13.442222222222222
509,neukölln,S47,52.46944444444445,13.442222222222222
510,jungfernheide,U7,52.53055555555555,13.300138888888888
512,jungfernheide,S41,52.53055555555555,13.300138888888888
513,jungfernheide,S42,52.53055555555555,13.300138888888888
514,hermannplatz,U7,52.48722222222222,13.424722222222222
515,hermannplatz,U8,52.48722222222222,13.424722222222222
516,berliner str,U7,52.48722222222222,13.330833333333333
517,berliner str,U9,52.48722222222222,13.330833333333333
518,bernauer str,U8,52.5375,13.396666666666668
519,boddinstr,U8,52.47944444444445,13.425555555555556
520,franz neumann platz,U8,52.56388888888888,13.364166666666666
521,heinrich heine str,U8,52.51027777777778,13.415833333333332
522,leinestr,U8,52.47361111111111,13.428055555555554
523,lindauer allee,U8,52.57527777777778,13.339166666666667
524,moritzplatz,U8,52.50361111111111,13.410833333333334
525,pankstr,U8,52.55222222222222,13.381388888888887
526,paracelsus bad,U8,52.57416666666667,13.349166666666669
527,rathaus reinickendorf,U8,52.58833333333334,13.325833333333334
528,residenzstr,U8,52.57111111111112,13.360555555555557
529,rosenthaler platz,U8,52.53,13.401111111111112
530,schönleinstr,U8,52.49305555555556,13.421944444444444
531,voltastr,U8,52.54222222222222,13.393055555555556
532,weinmeisterstr,U8,52.52555555555556,13.405
533,gesundbrunnen,U8,52.54861111111111,13.38125
534,gesundbrunnen,S1,52.54861111111111,13.38125
535,gesundbrunnen,S2,52.54861111111111,13.38125
536,gesundbrunnen,S25,52.54861111111111,13.38125
537,gesundbrunnen,S26,52.54861111111111,13.38125
538,gesundbrunnen,S41,52.54861111111111,13.38125
539,gesundbrunnen,S42,52.54861111111111,13.38125
540,wittenau,U8,52.59583333333334,13.336666666666668
541,wittenau,S1,52.59583333333334,13.336666666666668
542,wittenau,S26,52.59583333333334,13.336666666666668
543,karl bonhoeffer nervenklinik,U8,52.57833333333333,13.331388888888888
544,karl bonhoeffer nervenklinik,S25,52.57833333333333,13.331388888888888
545,jannowitzbrücke,U8,52.515,13.418055555555554
546,jannowitzbrücke,S3,52.515,13.418055555555554
547,jannowitzbrücke,S5,52.515,13.418055555555554
548,jannowitzbrücke,S7,52.515,13.418055555555554
549,jannowitzbrücke,S9,52.515,13.418055555555554
550,hermannstr,U8,52.4675,13.43125
551,hermannstr,S41,52.4675,13.43125
552,hermannstr,S42,52.4675,13.43125
553,hermannstr,S45,52.4675,13.43125
554,hermannstr,S46,52.4675,13.43125
555,hermannstr,S47,52.4675,13.43125
556,osloer str,U8,52.55694444444444,13.373333333333331
557,osloer str,U9,52.55694444444444,13.373333333333331
558,amrumer str,U9,52.54222222222222,13.34888888888889
559,birkenstr,U9,52.532222222222224,13.34138888888889
560,friedrich wilhelm platz,U9,52.471944444444446,13.32861111111111
561,güntzelstr,U9,52.49194444444444,13.330833333333333
562,hansaplatz,U9,52.51777777777777,13.342222222222222
563,nauener platz,U9,52.55166666666666,13.3675
564,turmstr,U9,52.52583333333333,13.343333333333334
565,walther schreiber platz,U9,52.465,13.331666666666669
566,rathaus steglitz,U9,52.45611111111111,13.320833333333333
567,rathaus steglitz,S1,52.45611111111111,13.320833333333333
568,westhafen,U9,52.53638888888889,13.34388888888889
569,westhafen,S41,52.53638888888889,13.34388888888889
570,westhafen,S42,52.53638888888889,13.34388888888889
571,bundesplatz,U9,52.47819444444444,13.328333333333331
572,bundesplatz,S41,52.47819444444444,13.328333333333331
573,bundesplatz,S42,52.47819444444444,13.328333333333331
574,bundesplatz,S46,52.47819444444444,13.328333333333331
575,schlossstr,U9,52.46083333333333,13.324444444444444
